Team,Games,Win,Loss
Air Force (MWC),12,5,7
Akron (MAC),14,7,7
Alabama (SEC),14,13,1
Appalachian St. (Sun Belt),13,9,4
Arizona (Pac-12),13,7,6
Arizona St. (Pac-12),13,7,6
Arkansas (SEC),12,4,8
Arkansas St. (Sun Belt),12,7,5
Army West Point (FBS Independent),13,10,3
Auburn (SEC),14,10,4
Ball St. (MAC),12,2,10
Baylor (Big 12),12,1,11
Boise St. (MWC),14,11,3
Boston College (ACC),13,7,6
Bowling Green (MAC),12,2,10
Buffalo (MAC),12,6,6
BYU (FBS Independent),13,4,9
California (Pac-12),12,5,7
Central Mich. (MAC),13,8,5
Charlotte (C-USA),12,1,11
Cincinnati (AAC),12,4,8
Clemson (ACC),14,12,2
Colorado (Pac-12),12,5,7
Colorado St. (MWC),13,7,6
Duke (ACC),13,7,6
East Carolina (AAC),12,3,9
Eastern Mich. (MAC),12,5,7
FIU (C-USA),13,8,5
Fla. Atlantic (C-USA),14,11,3
Florida (SEC),11,4,7
Florida St. (ACC),13,7,6
Fresno St. (MWC),14,10,4
Ga. Southern (Sun Belt),12,2,10
Georgia (SEC),15,13,2
Georgia St. (Sun Belt),12,7,5
Georgia Tech (ACC),11,5,6
Hawaii (MWC),12,3,9
Houston (AAC),12,7,5
Idaho (Sun Belt),12,4,8
Illinois (Big Ten),12,2,10
Indiana (Big Ten),12,5,7
Iowa (Big Ten),13,8,5
Iowa St. (Big 12),13,8,5
Kansas (Big 12),12,1,11
Kansas St. (Big 12),13,8,5
Kent St. (MAC),12,2,10
Kentucky (SEC),13,7,6
La.-Monroe (Sun Belt),12,4,8
Louisiana (Sun Belt),12,5,7
Louisiana Tech (C-USA),13,7,6
Louisville (ACC),13,8,5
LSU (SEC),13,9,4
Marshall (C-USA),13,8,5
Maryland (Big Ten),12,4,8
Massachusetts (FBS Independent),12,4,8
Memphis (AAC),13,10,3
Miami (FL) (ACC),13,10,3
Miami (OH) (MAC),12,5,7
Michigan (Big Ten),13,8,5
Michigan St. (Big Ten),13,10,3
Middle Tenn. (C-USA),13,7,6
Minnesota (Big Ten),12,5,7
Mississippi St. (SEC),13,9,4
Missouri (SEC),13,7,6
Navy (AAC),13,7,6
NC State (ACC),13,9,4
Nebraska (Big Ten),12,4,8
Nevada (MWC),12,3,9
New Mexico (MWC),12,3,9
New Mexico St. (Independent),13,7,6
North Carolina (ACC),12,3,9
North Texas (C-USA),14,9,5
Northern Ill. (MAC),13,8,5
Northwestern (Big Ten),13,10,3
Notre Dame (FBS Independent),13,10,3
Ohio (MAC),13,9,4
Ohio St. (Big Ten),14,12,2
Oklahoma (Big 12),14,12,2
Oklahoma St. (Big 12),13,10,3
Old Dominion (C-USA),12,5,7
Ole Miss (SEC),12,6,6
Oregon (Pac-12),13,7,6
Oregon St. (Pac-12),12,1,11
Penn St. (Big Ten),13,11,2
Pittsburgh (ACC),12,5,7
Purdue (Big Ten),13,7,6
Rice (C-USA),12,1,11
Rutgers (Big Ten),12,4,8
San Diego St. (MWC),13,10,3
San Jose St. (MWC),13,2,11
SMU (AAC),13,7,6
South Alabama (Sun Belt),12,4,8
South Carolina (SEC),13,9,4
South Fla. (AAC),12,10,2
Southern California (Pac-12),14,11,3
Southern Miss. (C-USA),13,8,5
Stanford (Pac-12),14,9,5
Syracuse (ACC),12,4,8
TCU (Big 12),14,11,3
Temple (AAC),13,7,6
Tennessee (SEC),12,4,8
Texas (Big 12),13,7,6
Texas A&M (SEC),13,7,6
Texas St. (Sun Belt),12,2,10
Texas Tech (Big 12),13,6,7
Toledo (MAC),14,11,3
Troy (Sun Belt),13,11,2
Tulane (AAC),12,5,7
Tulsa (AAC),12,2,10
UAB (C-USA),13,8,5
UCF (AAC),13,13,0
UCLA (Pac-12),13,6,7
UConn (AAC),12,3,9
UNLV (MWC),12,5,7
Utah (Pac-12),13,7,6
Utah St. (MWC),13,6,7
UTEP (C-USA),12,0,12
UTSA (C-USA),11,6,5
Vanderbilt (SEC),12,5,7
Virginia (ACC),13,6,7
Virginia Tech (ACC),13,9,4
Wake Forest (ACC),13,8,5
Washington (Pac-12),13,10,3
Washington St. (Pac-12),13,9,4
West Virginia (Big 12),13,7,6
Western Ky. (C-USA),13,6,7
Western Mich. (MAC),12,6,6
Wisconsin (Big Ten),14,13,1
Wyoming (MWC),13,8,5
