Team,Games,Win,Loss
Akron (MAC),12,5,7
Alabama (SEC),15,14,1
Appalachian St. (Sun Belt),13,10,3
Arizona (Pac-12),12,3,9
Arizona St. (Pac-12),12,5,7
Arkansas (SEC),13,7,6
Arkansas St. (Sun Belt),13,8,5
Army West Point (FBS Independent),13,8,5
Auburn (SEC),13,8,5
Ball St. (MAC),12,4,8
Baylor (Big 12),13,7,6
Boston College (ACC),13,7,6
Bowling Green (MAC),12,4,8
Buffalo (MAC),12,2,10
BYU (FBS Independent),13,9,4
California (Pac-12),12,5,7
Central Mich. (MAC),13,6,7
Charlotte (C-USA),12,4,8
Cincinnati (AAC),12,4,8
Clemson (ACC),15,14,1
Colorado (Pac-12),14,10,4
Duke (ACC),12,4,8
East Carolina (AAC),12,3,9
Eastern Mich. (MAC),13,7,6
FIU (C-USA),12,4,8
Fla. Atlantic (C-USA),12,3,9
Florida (SEC),13,9,4
Florida St. (ACC),13,10,3
Ga. Southern (Sun Belt),12,5,7
Georgia (SEC),13,8,5
Georgia St. (Sun Belt),12,3,9
Georgia Tech (ACC),13,9,4
Houston (AAC),13,9,4
Idaho (Sun Belt),13,9,4
Illinois (Big Ten),12,3,9
Indiana (Big Ten),13,6,7
Iowa (Big Ten),13,8,5
Iowa St. (Big 12),12,3,9
Kansas (Big 12),12,2,10
Kansas St. (Big 12),13,9,4
Kent St. (MAC),12,3,9
Kentucky (SEC),13,7,6
La.-Monroe (Sun Belt),12,4,8
Louisiana (Sun Belt),13,6,7
Louisiana Tech (C-USA),14,9,5
Louisville (ACC),13,9,4
LSU (SEC),12,8,4
Marshall (C-USA),12,3,9
Maryland (Big Ten),13,6,7
Massachusetts (FBS Independent),12,2,10
Memphis (AAC),13,8,5
Miami (FL) (ACC),13,9,4
Miami (OH) (MAC),13,6,7
Michigan (Big Ten),13,10,3
Michigan St. (Big Ten),12,3,9
Middle Tenn. (C-USA),13,8,5
Minnesota (Big Ten),13,9,4
Mississippi St. (SEC),13,6,7
Missouri (SEC),12,4,8
Navy (AAC),14,9,5
NC State (ACC),13,7,6
Nebraska (Big Ten),13,9,4
New Mexico St. (Sun Belt),12,3,9
North Carolina (ACC),13,8,5
North Texas (C-USA),13,5,8
Northern Ill. (MAC),12,5,7
Northwestern (Big Ten),13,7,6
Notre Dame (FBS Independent),12,4,8
Ohio (MAC),14,8,6
Ohio St. (Big Ten),13,11,2
Oklahoma (Big 12),13,11,2
Oklahoma St. (Big 12),13,10,3
Old Dominion (C-USA),13,10,3
Ole Miss (SEC),12,5,7
Oregon (Pac-12),12,4,8
Oregon St. (Pac-12),12,4,8
Penn St. (Big Ten),14,11,3
Pittsburgh (ACC),13,8,5
Purdue (Big Ten),12,3,9
Rice (C-USA),12,3,9
Rutgers (Big Ten),12,2,10
SMU (AAC),12,5,7
South Alabama (Sun Belt),13,6,7
South Carolina (SEC),13,6,7
South Fla. (AAC),13,11,2
Southern California (Pac-12),13,10,3
Southern Miss. (C-USA),13,7,6
Stanford (Pac-12),13,10,3
Syracuse (ACC),12,4,8
TCU (Big 12),13,6,7
Temple (AAC),14,10,4
Tennessee (SEC),13,9,4
Texas (Big 12),12,5,7
Texas A&M (SEC),13,8,5
Texas St. (Sun Belt),12,2,10
Texas Tech (Big 12),12,5,7
Toledo (MAC),13,9,4
Troy (Sun Belt),13,10,3
Tulane (AAC),12,4,8
Tulsa (AAC),13,10,3
UCF (AAC),13,6,7
UCLA (Pac-12),12,4,8
UConn (AAC),12,3,9
Utah (Pac-12),13,9,4
UTEP (C-USA),12,4,8
UTSA (C-USA),13,6,7
Vanderbilt (SEC),13,6,7
Virginia (ACC),12,2,10
Virginia Tech (ACC),14,10,4
Wake Forest (ACC),13,7,6
Washington (Pac-12),14,12,2
Washington St. (Pac-12),13,8,5
West Virginia (Big 12),13,10,3
Western Ky. (C-USA),14,11,3
Western Mich. (MAC),14,13,1
Wisconsin (Big Ten),14,11,3
