Team,Games,Win,Loss
Tennessee (SEC),13,11,2
Washington (Pac-12),13,11,2
Southern California (Pac-12),14,11,3
UCLA (Pac-12),13,9,4
Georgia (SEC),15,15,0
Oregon (Pac-12),13,10,3
Western Ky. (C-USA),14,9,5
Ole Miss (SEC),13,8,5
Ohio St. (Big Ten),13,11,2
Florida St. (ACC),13,10,3
Alabama (SEC),13,11,2
UTSA (C-USA),14,11,3
Oklahoma (Big 12),13,6,7
SMU (AAC),13,7,6
Arkansas (SEC),13,7,6
UCF (AAC),14,9,5
Utah (Pac-12),14,10,4
Ga. Southern (Sun Belt),13,6,7
North Carolina (ACC),14,9,5
Arizona (Pac-12),12,5,7
North Texas (C-USA),14,7,7
Texas Tech (Big 12),13,8,5
East Carolina (AAC),13,8,5
Michigan (Big Ten),14,13,1
Houston (AAC),13,8,5
App State (Sun Belt),12,6,6
TCU (Big 12),15,13,2
LSU (SEC),14,10,4
James Madison (Sun Belt),11,8,3
Wake Forest (ACC),13,8,5
Tulane (AAC),14,12,2
Kansas (Big 12),13,6,7
UAB (C-USA),13,7,6
Penn St. (Big Ten),13,11,2
Texas (Big 12),13,8,5
BYU (FBS Independent),13,8,5
Florida (SEC),13,6,7
South Alabama (Sun Belt),13,10,3
Memphis (AAC),13,7,6
Ohio (MAC),14,10,4
Kansas St. (Big 12),14,10,4
Kent St. (MAC),12,5,7
Georgia St. (Sun Belt),12,4,8
Duke (ACC),13,9,4
Baylor (Big 12),13,6,7
Tulsa (AAC),12,5,7
Fla. Atlantic (C-USA),12,5,7
Clemson (ACC),14,11,3
Louisville (ACC),13,8,5
Pittsburgh (ACC),13,9,4
Coastal Carolina (Sun Belt),13,9,4
Oklahoma St. (Big 12),13,7,6
Fresno St. (Mountain West),14,10,4
Toledo (MAC),14,9,5
Maryland (Big Ten),13,8,5
Purdue (Big Ten),14,8,6
West Virginia (Big 12),12,5,7
Marshall (Sun Belt),13,9,4
Air Force (Mountain West),13,10,3
Notre Dame (FBS Independent),13,9,4
Oregon St. (Pac-12),13,10,3
Mississippi St. (SEC),13,9,4
Louisiana Tech (C-USA),12,3,9
South Fla. (AAC),12,1,11
Minnesota (Big Ten),13,9,4
Liberty (FBS Independent),13,8,5
Arizona St. (Pac-12),12,3,9
Charlotte (C-USA),12,3,9
Boise St. (Mountain West),14,10,4
UTEP (C-USA),12,5,7
Ball St. (MAC),12,5,7
Illinois (Big Ten),13,8,5
South Carolina (SEC),13,8,5
Auburn (SEC),12,5,7
Buffalo (MAC),13,7,6
Syracuse (ACC),13,7,6
Rice (C-USA),13,5,8
Middle Tenn. (C-USA),13,8,5
NIU (MAC),12,3,9
Akron (MAC),12,2,10
Cincinnati (AAC),13,9,4
Missouri (SEC),13,6,7
Iowa St. (Big 12),12,4,8
San Jose St. (Mountain West),12,7,5
Central Mich. (MAC),12,4,8
Miami (FL) (ACC),12,5,7
Army West Point (FBS Independent),12,6,6
Eastern Mich. (MAC),13,9,4
California (Pac-12),12,4,8
Louisiana (Sun Belt),13,6,7
Wisconsin (Big Ten),13,7,6
Stanford (Pac-12),12,3,9
Texas A&M (SEC),12,5,7
Washington St. (Pac-12),13,7,6
Troy (Sun Belt),14,12,2
Utah St. (Mountain West),13,6,7
Michigan St. (Big Ten),12,5,7
UNLV (Mountain West),12,5,7
Temple (AAC),12,3,9
Southern Miss. (Sun Belt),13,7,6
Vanderbilt (SEC),12,5,7
Nebraska (Big Ten),12,4,8
Virginia (ACC),10,3,7
Hawaii (Mountain West),13,3,10
NC State (ACC),13,8,5
Old Dominion (Sun Belt),12,3,9
Northwestern (Big Ten),12,1,11
Bowling Green (MAC),13,6,7
New Mexico St. (FBS Independent),13,7,6
Indiana (Big Ten),12,4,8
Navy (AAC),12,4,8
ULM (Sun Belt),12,4,8
Texas St. (Sun Belt),12,4,8
San Diego St. (Mountain West),13,7,6
Georgia Tech (ACC),12,5,7
Kentucky (SEC),13,7,6
FIU (C-USA),12,4,8
Arkansas St. (Sun Belt),12,3,9
Wyoming (Mountain West),13,7,6
Virginia Tech (ACC),11,3,8
Boston College (ACC),12,3,9
Miami (OH) (MAC),13,6,7
Nevada (Mountain West),12,2,10
UConn (FBS Independent),13,6,7
Western Mich. (MAC),12,5,7
Colorado St. (Mountain West),12,3,9
Rutgers (Big Ten),12,4,8
Colorado (Pac-12),12,1,11
Massachusetts (FBS Independent),12,1,11
Iowa (Big Ten),13,8,5
New Mexico (Mountain West),12,2,10
