Team,Games,Win,Loss
LSU (SEC),13,10,3
Oregon (Pac-12),14,12,2
Oklahoma (Big 12),13,10,3
Liberty (CUSA),14,13,1
Georgia (SEC),14,13,1
North Texas (AAC),12,5,7
North Carolina (ACC),13,8,5
UCF (Big 12),13,6,7
Texas (Big 12),14,12,2
Southern California (Pac-12),13,8,5
TCU (Big 12),12,5,7
Washington (Pac-12),15,14,1
Ole Miss (SEC),13,11,2
Memphis (AAC),13,10,3
Texas St. (Sun Belt),13,8,5
SMU (AAC),14,11,3
South Fla. (AAC),13,7,6
UAB (AAC),12,4,8
Tennessee (SEC),13,9,4
Arizona (Pac-12),13,10,3
Kansas (Big 12),13,9,4
App State (Sun Belt),14,9,5
Kansas St. (Big 12),13,9,4
South Alabama (Sun Belt),13,7,6
Utah St. (Mountain West),13,6,7
Boise St. (Mountain West),14,8,6
West Virginia (Big 12),13,9,4
Missouri (SEC),13,11,2
Notre Dame (FBS Independent),13,10,3
Oklahoma St. (Big 12),14,10,4
Miami (FL) (ACC),13,7,6
UCLA (Pac-12),13,8,5
Cincinnati (Big 12),12,3,9
Georgia Tech (ACC),13,7,6
Washington St. (Pac-12),12,5,7
UTSA (AAC),13,9,4
Ga. Southern (Sun Belt),13,6,7
Troy (Sun Belt),14,11,3
Toledo (MAC),14,11,3
Coastal Carolina (Sun Belt),13,8,5
Louisville (ACC),14,10,4
UNLV (Mountain West),14,9,5
New Mexico St. (CUSA),15,10,5
New Mexico (Mountain West),12,4,8
Oregon St. (Pac-12),13,8,5
Florida (SEC),12,5,7
Ohio St. (Big Ten),13,11,2
Texas A&M (SEC),13,7,6
San Jose St. (Mountain West),13,7,6
Clemson (ACC),13,9,4
Western Ky. (CUSA),13,8,5
Florida St. (ACC),14,13,1
Penn St. (Big Ten),13,10,3
Colorado St. (Mountain West),12,5,7
Georgia St. (Sun Belt),13,7,6
Alabama (SEC),14,12,2
Louisiana (Sun Belt),13,6,7
Virginia Tech (ACC),13,7,6
Middle Tenn. (CUSA),12,4,8
Illinois (Big Ten),12,5,7
California (Pac-12),13,6,7
Fresno St. (Mountain West),13,9,4
Maryland (Big Ten),13,8,5
Texas Tech (Big 12),13,7,6
Tulsa (AAC),12,4,8
Louisiana Tech (CUSA),12,3,9
Michigan (Big Ten),15,15,0
Boston College (ACC),13,7,6
Wisconsin (Big Ten),13,7,6
Purdue (Big Ten),12,4,8
Baylor (Big 12),12,3,9
Arkansas St. (Sun Belt),13,6,7
Temple (AAC),12,3,9
Tulane (AAC),14,11,3
NIU (MAC),13,7,6
Virginia (ACC),12,3,9
Air Force (Mountain West),13,9,4
Western Mich. (MAC),12,4,8
Iowa St. (Big 12),13,7,6
Colorado (Pac-12),12,4,8
South Carolina (SEC),12,5,7
Rice (AAC),13,6,7
UTEP (CUSA),12,3,9
Houston (Big 12),12,4,8
Marshall (Sun Belt),13,6,7
Massachusetts (FBS Independent),12,3,9
Southern Miss. (Sun Belt),12,3,9
Hawaii (Mountain West),13,5,8
Stanford (Pac-12),12,3,9
Auburn (SEC),13,6,7
NC State (ACC),13,9,4
Utah (Pac-12),13,8,5
Old Dominion (Sun Belt),13,6,7
Duke (ACC),13,8,5
Ohio (MAC),13,10,3
Central Mich. (MAC),12,5,7
Syracuse (ACC),13,6,7
Kentucky (SEC),13,7,6
Indiana (Big Ten),12,3,9
Fla. Atlantic (AAC),12,4,8
Mississippi St. (SEC),12,5,7
Wake Forest (ACC),12,4,8
Wyoming (Mountain West),13,9,4
UConn (FBS Independent),12,3,9
Arkansas (SEC),12,4,8
San Diego St. (Mountain West),12,4,8
Bowling Green (MAC),13,7,6
Miami (OH) (MAC),14,11,3
Arizona St. (Pac-12),12,3,9
ULM (Sun Belt),12,2,10
FIU (CUSA),12,4,8
Vanderbilt (SEC),12,2,10
Buffalo (MAC),12,3,9
Pittsburgh (ACC),12,3,9
Charlotte (AAC),12,3,9
Nebraska (Big Ten),12,5,7
Army West Point (FBS Independent),12,6,6
BYU (Big 12),12,5,7
Ball St. (MAC),12,4,8
Rutgers (Big Ten),13,7,6
Northwestern (Big Ten),13,8,5
Minnesota (Big Ten),13,6,7
Navy (AAC),12,5,7
Nevada (Mountain West),12,2,10
Michigan St. (Big Ten),12,4,8
Akron (MAC),12,2,10
East Carolina (AAC),12,2,10
Kent St. (MAC),12,1,11
Eastern Mich. (MAC),13,6,7
Iowa (Big Ten),14,10,4
Reclassifying,Reclassifying,0,0
James Madison (Sun Belt),13,11,2
Jacksonville St. (CUSA),13,9,4
Sam Houston (CUSA),12,3,9
